{"cameraMode":{"drawMode":0,"name":"Shaded","section":"Shading Mode"},"sceneLighting":false,"audioPlay":false,"sceneViewState":{"m_AlwaysRefresh":false,"showFog":true,"showSkybox":false,"showFlares":true,"showImageEffects":true,"showParticleSystems":true,"showVisualEffectGraphs":true,"m_FxEnabled":true},"in2DMode":false,"pivot":{"x":0.06937849521636963,"y":-0.028208136558532716,"z":-0.08326268196105957},"rotation":{"x":0.00028464634669944644,"y":-0.9985420107841492,"z":0.053972989320755008,"w":0.005398513749241829},"size":1.1543458700180054,"orthographic":true}